{
  "students": [
    {
      "user_code": "A1100",
      "first_name": "Βαλάντης",
      "last_name": "Μπακοστεργίου",
      "email": "valanths.mpakostergioy@mail.gr",
      "password": "TempPass!2025",
      "phone_mobile": "6900000000",
      "phone_landline": "2100000000",
      "address": "Διεύθυνση"
    }
  ],
  "faculty": [
    {
      "user_code": "F1100",
      "first_name": "Γεώργιος",
      "last_name": "Δημόπουλος",
      "email": "georgios.dimopoulos@mail.gr",
      "password": "ProfTemp#2025",
      "phone_mobile": "6911111111",
      "address": "Πανεπιστημιούπολη"
    }
  ]
}
